"id","product_type","product_id","image_url","display_order","is_primary","created_at"
3070,new,1550,/products/1550.jpg,1,1,"2026-02-23 16:39:56"
3071,new,1551,/products/1551.jpg,1,1,"2026-02-23 16:39:56"
3072,new,1552,/products/1552.jpg,1,1,"2026-02-23 16:39:56"
3073,new,1553,/products/1553.jpg,1,1,"2026-02-23 16:39:56"
3074,new,1554,/products/1554.jpg,1,1,"2026-02-23 16:39:56"
3075,new,1558,/products/1558.jpg,1,1,"2026-02-23 16:39:56"
3076,new,1580,/products/1580.jpg,1,1,"2026-02-23 16:39:56"
3077,new,1581,/products/1581.jpg,1,1,"2026-02-23 16:39:56"
3078,new,1596,/products/1596.jpg,1,1,"2026-02-23 16:39:56"
3079,new,1626,/products/1626.jpg,1,1,"2026-02-23 16:39:56"
3080,new,1638,/products/1638.jpg,1,1,"2026-02-23 16:39:56"
3081,new,1808,/products/1808.jpg,1,1,"2026-02-23 16:39:56"
3082,new,1943,/products/1943.jpg,1,1,"2026-02-23 16:39:56"
3083,new,1982,/products/1982.jpg,1,1,"2026-02-23 16:39:56"
3084,new,2149,/products/2149.jpg,1,1,"2026-02-23 16:39:56"
3085,new,2354,/products/2354.jpg,1,1,"2026-02-23 16:39:56"
3086,new,2355,/products/2355.jpg,1,1,"2026-02-23 16:39:56"
3087,new,2356,/products/2356.jpg,1,1,"2026-02-23 16:39:56"
3088,new,2357,/products/2357.jpg,1,1,"2026-02-23 16:39:56"
3089,new,2805,/products/2805.jpg,1,1,"2026-02-23 16:39:56"
3090,new,2954,/products/2954.jpg,1,1,"2026-02-23 16:39:56"
3091,new,3175,/products/3175.jpg,1,1,"2026-02-23 16:39:56"
3092,new,3464,/products/3464.jpg,1,1,"2026-02-23 16:39:56"
3093,new,3469,/products/3469.jpg,1,1,"2026-02-23 16:39:56"
3094,new,3472,/products/3472.jpg,1,1,"2026-02-23 16:39:56"
3095,new,4010,/products/4010.jpg,1,1,"2026-02-23 16:39:56"
3096,new,4012,/products/4012.jpg,1,1,"2026-02-23 16:39:56"
3097,new,4013,/products/4013.jpg,1,1,"2026-02-23 16:39:56"
3098,new,4108,/products/4108.jpg,1,1,"2026-02-23 16:39:56"
3099,new,4256,/products/4256.jpg,1,1,"2026-02-23 16:39:56"
3100,new,4284,/products/4284.jpg,1,1,"2026-02-23 16:39:56"
3101,new,4319,/products/4319.jpg,1,1,"2026-02-23 16:39:56"
3102,new,4361,/products/4361.jpg,1,1,"2026-02-23 16:39:56"
3103,new,4484,/products/4484.jpg,1,1,"2026-02-23 16:39:56"
3104,new,4583,/products/4583.jpg,1,1,"2026-02-23 16:39:56"
3105,new,4585,/products/4585.jpg,1,1,"2026-02-23 16:39:56"
3106,new,4594,/products/4594.jpg,1,1,"2026-02-23 16:39:56"
3107,new,4601,/products/4601.jpg,1,1,"2026-02-23 16:39:56"
3108,new,4634,/products/4634.jpg,1,1,"2026-02-23 16:39:56"
3109,new,4650,/products/4650.jpg,1,1,"2026-02-23 16:39:56"
3110,new,4774,/products/4774.jpg,1,1,"2026-02-23 16:39:56"
3111,new,4884,/products/4884.jpg,1,1,"2026-02-23 16:39:56"
3112,new,4920,/products/4920.jpg,1,1,"2026-02-23 16:39:56"
3113,new,4984,/products/4984.jpg,1,1,"2026-02-23 16:39:56"
3114,new,4990,/products/4990.jpg,1,1,"2026-02-23 16:39:56"
3115,new,5027,/products/5027.jpg,1,1,"2026-02-23 16:39:56"
3116,new,5223,/products/5223.jpg,1,1,"2026-02-23 16:39:56"
3117,new,5226,/products/5226.jpg,1,1,"2026-02-23 16:39:56"
3118,new,5254,/products/5254.jpg,1,1,"2026-02-23 16:39:56"
3119,new,5263,/products/5263.jpg,1,1,"2026-02-23 16:39:56"
3120,new,5350,/products/5350.jpg,1,1,"2026-02-23 16:39:56"
3121,new,5611,/products/5611.jpg,1,1,"2026-02-23 16:39:56"
3122,new,5768,/products/5768.jpg,1,1,"2026-02-23 16:39:56"
3123,new,6185,/products/6185.jpg,1,1,"2026-02-23 16:39:56"
3124,new,6255,/products/6255.jpg,1,1,"2026-02-23 16:39:56"
3125,new,6344,/products/6344.jpg,1,1,"2026-02-23 16:39:56"
3126,new,6345,/products/6345.jpg,1,1,"2026-02-23 16:39:56"
3127,new,6437,/products/6437.jpg,1,1,"2026-02-23 16:39:56"
3128,new,6478,/products/6478.jpg,1,1,"2026-02-23 16:39:56"
3129,new,6497,/products/6497.jpg,1,1,"2026-02-23 16:39:56"
3130,new,6535,/products/6535.jpg,1,1,"2026-02-23 16:39:56"
3131,new,6827,/products/6827.jpg,1,1,"2026-02-23 16:39:56"
3132,new,6835,/products/6835.jpg,1,1,"2026-02-23 16:39:56"
3133,new,6840,/products/6840.jpg,1,1,"2026-02-23 16:39:56"
3134,new,6842,/products/6842.jpg,1,1,"2026-02-23 16:39:56"
3135,new,6844,/products/6844.jpg,1,1,"2026-02-23 16:39:56"
3136,new,6845,/products/6845.jpg,1,1,"2026-02-23 16:39:56"
3137,new,6860,/products/6860.jpg,1,1,"2026-02-23 16:39:56"
3138,new,6873,/products/6873.jpg,1,1,"2026-02-23 16:39:56"
3139,new,6874,/products/6874.jpg,1,1,"2026-02-23 16:39:56"
3140,new,7053,/products/7053.jpg,1,1,"2026-02-23 16:39:56"
3141,new,7056,/products/7056.jpg,1,1,"2026-02-23 16:39:56"
3142,new,7113,/products/7113.jpg,1,1,"2026-02-23 16:39:56"
3143,new,7120,/products/7120.jpg,1,1,"2026-02-23 16:39:56"
3144,new,7123,/products/7123.jpg,1,1,"2026-02-23 16:39:56"
3145,new,7230,/products/7230.jpg,1,1,"2026-02-23 16:39:56"
3146,new,7330,/products/7330.jpg,1,1,"2026-02-23 16:39:56"
3147,new,7556,/products/7556.jpg,1,1,"2026-02-23 16:39:56"
3148,new,7686,/products/7686.jpg,1,1,"2026-02-23 16:39:56"
3149,new,7704,/products/7704.jpg,1,1,"2026-02-23 16:39:56"
3150,new,7744,/products/7744.jpg,1,1,"2026-02-23 16:39:56"
3151,new,7780,/products/7780.jpg,1,1,"2026-02-23 16:39:56"
3152,new,7887,/products/7887.jpg,1,1,"2026-02-23 16:39:56"
3153,new,7925,/products/7925.jpg,1,1,"2026-02-23 16:39:56"
3154,new,8246,/products/8246.jpg,1,1,"2026-02-23 16:39:56"
3155,new,8248,/products/8248.jpg,1,1,"2026-02-23 16:39:56"
3156,new,8273,/products/8273.jpg,1,1,"2026-02-23 16:39:56"
3157,new,8422,/products/8422.jpg,1,1,"2026-02-23 16:39:56"
3158,new,8427,/products/8427.jpg,1,1,"2026-02-23 16:39:56"
3159,new,8446,/products/8446.jpg,1,1,"2026-02-23 16:39:56"
3160,new,8478,/products/8478.jpg,1,1,"2026-02-23 16:39:56"
3161,new,8580,/products/8580.jpg,1,1,"2026-02-23 16:39:56"
3162,new,8581,/products/8581.jpg,1,1,"2026-02-23 16:39:56"
3163,new,8582,/products/8582.jpg,1,1,"2026-02-23 16:39:56"
3164,new,8583,/products/8583.jpg,1,1,"2026-02-23 16:39:56"
3165,new,8612,/products/8612.jpg,1,1,"2026-02-23 16:39:56"
3166,new,8933,/products/8933.jpg,1,1,"2026-02-23 16:39:56"
3167,new,8934,/products/8934.jpg,1,1,"2026-02-23 16:39:56"
3168,new,8958,/products/8958.jpg,1,1,"2026-02-23 16:39:56"
3169,new,9041,/products/9041.jpg,1,1,"2026-02-23 16:39:56"
3170,new,9256,/products/9256.jpg,1,1,"2026-02-23 16:39:56"
3171,new,9657,/products/9657.jpg,1,1,"2026-02-23 16:39:56"
3172,new,9702,/products/9702.jpg,1,1,"2026-02-23 16:39:56"
3173,new,9769,/products/9769.jpg,1,1,"2026-02-23 16:39:56"
3174,new,9770,/products/9770.jpg,1,1,"2026-02-23 16:39:56"
3175,new,9803,/products/9803.jpg,1,1,"2026-02-23 16:39:56"
3176,new,9946,/products/9946.jpg,1,1,"2026-02-23 16:39:56"
3177,new,9965,/products/9965.jpg,1,1,"2026-02-23 16:39:56"
3178,new,10015,/products/10015.jpg,1,1,"2026-02-23 16:39:56"
3179,new,10312,/products/10312.jpg,1,1,"2026-02-23 16:39:56"
3180,new,10595,/products/10595.jpg,1,1,"2026-02-23 16:39:56"
3181,new,10654,/products/10654.jpg,1,1,"2026-02-23 16:39:56"
3182,new,10716,/products/10716.jpg,1,1,"2026-02-23 16:39:56"
3183,new,11151,/products/11151.jpg,1,1,"2026-02-23 16:39:56"
3184,new,11402,/products/11402.jpg,1,1,"2026-02-23 16:39:56"
3185,new,11520,/products/11520.jpg,1,1,"2026-02-23 16:39:56"
3186,new,11672,/products/11672.jpg,1,1,"2026-02-23 16:39:56"
3187,new,12003,/products/12003.jpg,1,1,"2026-02-23 16:39:56"
3188,new,12089,/products/12089.jpg,1,1,"2026-02-23 16:39:56"
3189,new,12108,/products/12108.jpg,1,1,"2026-02-23 16:39:56"
3190,new,12180,/products/12180.jpg,1,1,"2026-02-23 16:39:56"
3191,new,12439,/products/12439.jpg,1,1,"2026-02-23 16:39:56"
3192,new,12440,/products/12440.jpg,1,1,"2026-02-23 16:39:56"
3193,new,12449,/products/12449.jpg,1,1,"2026-02-23 16:39:56"
3194,new,12451,/products/12451.jpg,1,1,"2026-02-23 16:39:56"
3195,new,12452,/products/12452.jpg,1,1,"2026-02-23 16:39:56"
3196,new,12511,/products/12511.jpg,1,1,"2026-02-23 16:39:56"
3197,new,12788,/products/12788.jpg,1,1,"2026-02-23 16:39:56"
3198,new,12789,/products/12789.jpg,1,1,"2026-02-23 16:39:56"
3199,new,12839,/products/12839.jpg,1,1,"2026-02-23 16:39:56"
3200,new,12917,/products/12917.jpg,1,1,"2026-02-23 16:39:56"
3201,new,13174,/products/13174.jpg,1,1,"2026-02-23 16:39:56"
3202,new,13303,/products/13303.jpg,1,1,"2026-02-23 16:39:56"
3203,new,13403,/products/13403.jpg,1,1,"2026-02-23 16:39:56"
3204,new,13493,/products/13493.jpg,1,1,"2026-02-23 16:39:56"
3205,new,13572,/products/13572.jpg,1,1,"2026-02-23 16:39:56"
3206,new,13621,/products/13621.jpg,1,1,"2026-02-23 16:39:56"
3207,new,13670,/products/13670.jpg,1,1,"2026-02-23 16:39:56"
3208,new,13699,/products/13699.jpg,1,1,"2026-02-23 16:39:56"
3209,new,13810,/products/13810.jpg,1,1,"2026-02-23 16:39:56"
3210,new,13967,/products/13967.jpg,1,1,"2026-02-23 16:39:56"
3211,new,14117,/products/14117.jpg,1,1,"2026-02-23 16:39:56"
3212,new,14147,/products/14147.jpg,1,1,"2026-02-23 16:39:56"
3213,new,14162,/products/14162.jpg,1,1,"2026-02-23 16:39:56"
3214,new,14392,/products/14392.jpg,1,1,"2026-02-23 16:39:56"
3215,new,14551,/products/14551.jpg,1,1,"2026-02-23 16:39:56"
3216,new,14613,/products/14613.jpg,1,1,"2026-02-23 16:39:56"
3217,new,14629,/products/14629.jpg,1,1,"2026-02-23 16:39:56"
3218,new,14635,/products/14635.jpg,1,1,"2026-02-23 16:39:56"
3219,new,14872,/products/14872.jpg,1,1,"2026-02-23 16:39:56"
3220,new,14873,/products/14873.jpg,1,1,"2026-02-23 16:39:56"
3221,new,14874,/products/14874.jpg,1,1,"2026-02-23 16:39:56"
3222,new,14875,/products/14875.jpg,1,1,"2026-02-23 16:39:56"
3223,new,14876,/products/14876.jpg,1,1,"2026-02-23 16:39:56"
3224,new,14890,/products/14890.jpg,1,1,"2026-02-23 16:39:56"
3225,new,14893,/products/14893.jpg,1,1,"2026-02-23 16:39:56"
3226,new,14965,/products/14965.jpg,1,1,"2026-02-23 16:39:56"
3227,new,14993,/products/14993.jpg,1,1,"2026-02-23 16:39:56"
3228,new,15081,/products/15081.jpg,1,1,"2026-02-23 16:39:56"
3229,new,15218,/products/15218.jpg,1,1,"2026-02-23 16:39:56"
3230,new,15259,/products/15259.jpg,1,1,"2026-02-23 16:39:56"
3231,new,15266,/products/15266.jpg,1,1,"2026-02-23 16:39:56"
3232,new,15303,/products/15303.jpg,1,1,"2026-02-23 16:39:56"
3233,new,15314,/products/15314.jpg,1,1,"2026-02-23 16:39:56"
3234,new,15337,/products/15337.jpg,1,1,"2026-02-23 16:39:56"
3235,new,15370,/products/15370.jpg,1,1,"2026-02-23 16:39:56"
3236,new,15461,/products/15461.jpg,1,1,"2026-02-23 16:39:56"
3237,new,15502,/products/15502.jpg,1,1,"2026-02-23 16:39:56"
3238,new,15653,/products/15653.jpg,1,1,"2026-02-23 16:39:56"
3239,new,15750,/products/15750.jpg,1,1,"2026-02-23 16:39:56"
3240,new,15789,/products/15789.jpg,1,1,"2026-02-23 16:39:56"
3241,new,15825,/products/15825.jpg,1,1,"2026-02-23 16:39:56"
3242,new,15956,/products/15956.jpg,1,1,"2026-02-23 16:39:56"
3243,new,15960,/products/15960.jpg,1,1,"2026-02-23 16:39:56"
3244,new,15975,/products/15975.jpg,1,1,"2026-02-23 16:39:56"
3245,new,16020,/products/16020.jpg,1,1,"2026-02-23 16:39:56"
3246,new,16071,/products/16071.jpg,1,1,"2026-02-23 16:39:56"
3247,new,16073,/products/16073.jpg,1,1,"2026-02-23 16:39:56"
3248,new,16174,/products/16174.jpg,1,1,"2026-02-23 16:39:56"
3249,new,16224,/products/16224.jpg,1,1,"2026-02-23 16:39:56"
3250,new,16233,/products/16233.jpg,1,1,"2026-02-23 16:39:56"
3251,new,16252,/products/16252.jpg,1,1,"2026-02-23 16:39:56"
3252,new,16355,/products/16355.jpg,1,1,"2026-02-23 16:39:56"
3253,new,16442,/products/16442.jpg,1,1,"2026-02-23 16:39:56"
3254,new,16749,/products/16749.jpg,1,1,"2026-02-23 16:39:56"
3255,new,16755,/products/16755.jpg,1,1,"2026-02-23 16:39:56"
3256,new,16800,/products/16800.jpg,1,1,"2026-02-23 16:39:56"
3257,new,16860,/products/16860.jpg,1,1,"2026-02-23 16:39:56"
3258,new,16879,/products/16879.jpg,1,1,"2026-02-23 16:39:56"
3259,new,16890,/products/16890.jpg,1,1,"2026-02-23 16:39:56"
3260,new,16906,/products/16906.jpg,1,1,"2026-02-23 16:39:56"
3261,new,17112,/products/17112.jpg,1,1,"2026-02-23 16:39:56"
3262,new,17129,/products/17129.jpg,1,1,"2026-02-23 16:39:56"
3263,new,17371,/products/17371.jpg,1,1,"2026-02-23 16:39:56"
3264,new,17385,/products/17385.jpg,1,1,"2026-02-23 16:39:56"
3265,new,17389,/products/17389.jpg,1,1,"2026-02-23 16:39:56"
3266,new,17464,/products/17464.jpg,1,1,"2026-02-23 16:39:56"
3267,new,17533,/products/17533.jpg,1,1,"2026-02-23 16:39:56"
3268,new,17629,/products/17629.jpg,1,1,"2026-02-23 16:39:56"
3269,new,17640,/products/17640.jpg,1,1,"2026-02-23 16:39:56"
3270,new,17641,/products/17641.jpg,1,1,"2026-02-23 16:39:56"
3271,new,17642,/products/17642.jpg,1,1,"2026-02-23 16:39:56"
3272,new,17822,/products/17822.jpg,1,1,"2026-02-23 16:39:56"
3273,new,17931,/products/17931.jpg,1,1,"2026-02-23 16:39:56"
3274,new,18001,/products/18001.jpg,1,1,"2026-02-23 16:39:56"
3275,new,18050,/products/18050.jpg,1,1,"2026-02-23 16:39:56"
3276,new,18164,/products/18164.jpg,1,1,"2026-02-23 16:39:56"
3277,new,18255,/products/18255.jpg,1,1,"2026-02-23 16:39:56"
3278,new,18342,/products/18342.jpg,1,1,"2026-02-23 16:39:56"
3279,new,18434,/products/18434.jpg,1,1,"2026-02-23 16:39:56"
3280,new,18627,/products/18627.jpg,1,1,"2026-02-23 16:39:56"
3281,new,18695,/products/18695.jpg,1,1,"2026-02-23 16:39:56"
3282,new,18771,/products/18771.jpg,1,1,"2026-02-23 16:39:56"
3283,new,18869,/products/18869.jpg,1,1,"2026-02-23 16:39:56"
3284,new,19012,/products/19012.jpg,1,1,"2026-02-23 16:39:56"
3285,new,19033,/products/19033.jpg,1,1,"2026-02-23 16:39:56"
3286,new,19324,/products/19324.jpg,1,1,"2026-02-23 16:39:56"
3287,new,19441,/products/19441.jpg,1,1,"2026-02-23 16:39:56"
3288,new,19442,/products/19442.jpg,1,1,"2026-02-23 16:39:56"
3289,new,19541,/products/19541.jpg,1,1,"2026-02-23 16:39:56"
3290,new,19545,/products/19545.jpg,1,1,"2026-02-23 16:39:56"
3291,new,19574,/products/19574.jpg,1,1,"2026-02-23 16:39:56"
3292,new,19739,/products/19739.jpg,1,1,"2026-02-23 16:39:56"
3293,new,19740,/products/19740.jpg,1,1,"2026-02-23 16:39:56"
3294,new,19886,/products/19886.jpg,1,1,"2026-02-23 16:39:56"
3295,new,19892,/products/19892.jpg,1,1,"2026-02-23 16:39:56"
3296,new,19914,/products/19914.jpg,1,1,"2026-02-23 16:39:56"
3297,new,19969,/products/19969.jpg,1,1,"2026-02-23 16:39:56"
3298,new,20036,/products/20036.jpg,1,1,"2026-02-23 16:39:56"
3299,new,20039,/products/20039.jpg,1,1,"2026-02-23 16:39:56"
3300,new,20058,/products/20058.jpg,1,1,"2026-02-23 16:39:56"
3301,new,20068,/products/20068.jpg,1,1,"2026-02-23 16:39:56"
3302,new,20218,/products/20218.jpg,1,1,"2026-02-23 16:39:56"
3303,new,20303,/products/20303.jpg,1,1,"2026-02-23 16:39:56"
3304,new,20365,/products/20365.jpg,1,1,"2026-02-23 16:39:56"
3305,new,20420,/products/20420.jpg,1,1,"2026-02-23 16:39:56"
3306,new,20549,/products/20549.jpg,1,1,"2026-02-23 16:39:56"
3307,new,20568,/products/20568.jpg,1,1,"2026-02-23 16:39:56"
3308,new,20578,/products/20578.jpg,1,1,"2026-02-23 16:39:56"
3309,new,20581,/products/20581.jpg,1,1,"2026-02-23 16:39:56"
3310,new,20617,/products/20617.jpg,1,1,"2026-02-23 16:39:56"
3311,new,20938,/products/20938.jpg,1,1,"2026-02-23 16:39:56"
3312,new,21163,/products/21163.jpg,1,1,"2026-02-23 16:39:56"
3313,new,21240,/products/21240.jpg,1,1,"2026-02-23 16:39:56"
3314,new,21250,/products/21250.jpg,1,1,"2026-02-23 16:39:56"
3315,new,21438,/products/21438.jpg,1,1,"2026-02-23 16:39:56"
3316,new,21589,/products/21589.jpg,1,1,"2026-02-23 16:39:56"
3317,new,21882,/products/21882.jpg,1,1,"2026-02-23 16:39:56"
3318,new,21911,/products/21911.jpg,1,1,"2026-02-23 16:39:56"
3319,new,21960,/products/21960.jpg,1,1,"2026-02-23 16:39:56"
3320,new,21971,/products/21971.jpg,1,1,"2026-02-23 16:39:56"
3321,new,22031,/products/22031.jpg,1,1,"2026-02-23 16:39:56"
3322,new,22126,/products/22126.jpg,1,1,"2026-02-23 16:39:56"
3323,new,22457,/products/22457.jpg,1,1,"2026-02-23 16:39:56"
3324,new,22502,/products/22502.jpg,1,1,"2026-02-23 16:39:56"
3325,new,22670,/products/22670.jpg,1,1,"2026-02-23 16:39:56"
3326,new,22685,/products/22685.jpg,1,1,"2026-02-23 16:39:56"
3327,new,22699,/products/22699.jpg,1,1,"2026-02-23 16:39:56"
3328,new,23068,/products/23068.jpg,1,1,"2026-02-23 16:39:56"
3329,new,23119,/products/23119.jpg,1,1,"2026-02-23 16:39:56"
3330,new,23145,/products/23145.jpg,1,1,"2026-02-23 16:39:56"
3331,new,23210,/products/23210.jpg,1,1,"2026-02-23 16:39:56"
3332,new,23350,/products/23350.jpg,1,1,"2026-02-23 16:39:56"
3333,new,23442,/products/23442.jpg,1,1,"2026-02-23 16:39:56"
3334,new,23464,/products/23464.jpg,1,1,"2026-02-23 16:39:56"
3335,new,23471,/products/23471.jpg,1,1,"2026-02-23 16:39:56"
3336,new,23483,/products/23483.jpg,1,1,"2026-02-23 16:39:56"
3337,new,23487,/products/23487.jpg,1,1,"2026-02-23 16:39:56"
3338,new,23541,/products/23541.jpg,1,1,"2026-02-23 16:39:56"
3339,new,23565,/products/23565.jpg,1,1,"2026-02-23 16:39:56"
3340,new,23592,/products/23592.jpg,1,1,"2026-02-23 16:39:56"
3341,new,23625,/products/23625.jpg,1,1,"2026-02-23 16:39:56"
3342,new,23826,/products/23826.jpg,1,1,"2026-02-23 16:39:56"
3343,new,23932,/products/23932.jpg,1,1,"2026-02-23 16:39:56"
3344,new,24050,/products/24050.jpg,1,1,"2026-02-23 16:39:56"
3345,new,24109,/products/24109.jpg,1,1,"2026-02-23 16:39:56"
3346,new,24110,/products/24110.jpg,1,1,"2026-02-23 16:39:56"
3347,new,24168,/products/24168.jpg,1,1,"2026-02-23 16:39:56"
3348,new,24455,/products/24455.jpg,1,1,"2026-02-23 16:39:56"
3349,new,24502,/products/24502.jpg,1,1,"2026-02-23 16:39:56"
3350,new,24796,/products/24796.jpg,1,1,"2026-02-23 16:39:56"
3351,new,24809,/products/24809.jpg,1,1,"2026-02-23 16:39:56"
3352,new,24869,/products/24869.jpg,1,1,"2026-02-23 16:39:56"
3353,new,24870,/products/24870.jpg,1,1,"2026-02-23 16:39:56"
3354,new,24941,/products/24941.jpg,1,1,"2026-02-23 16:39:56"
3355,new,25039,/products/25039.jpg,1,1,"2026-02-23 16:39:56"
3356,new,25045,/products/25045.jpg,1,1,"2026-02-23 16:39:56"
3357,new,25048,/products/25048.jpg,1,1,"2026-02-23 16:39:56"
3358,new,25060,/products/25060.jpg,1,1,"2026-02-23 16:39:56"
3359,new,25065,/products/25065.jpg,1,1,"2026-02-23 16:39:56"
3360,new,25067,/products/25067.jpg,1,1,"2026-02-23 16:39:56"
3361,new,25120,/products/25120.jpg,1,1,"2026-02-23 16:39:56"
3362,new,25362,/products/25362.jpg,1,1,"2026-02-23 16:39:56"
3363,new,25371,/products/25371.jpg,1,1,"2026-02-23 16:39:56"
3364,new,25401,/products/25401.jpg,1,1,"2026-02-23 16:39:56"
3365,new,25420,/products/25420.jpg,1,1,"2026-02-23 16:39:56"
3366,new,25427,/products/25427.jpg,1,1,"2026-02-23 16:39:56"
3367,new,25651,/products/25651.jpg,1,1,"2026-02-23 16:39:56"
3368,new,25763,/products/25763.jpg,1,1,"2026-02-23 16:39:56"
3369,new,25764,/products/25764.jpg,1,1,"2026-02-23 16:39:56"
3370,new,25765,/products/25765.jpg,1,1,"2026-02-23 16:39:56"
3371,new,25775,/products/25775.jpg,1,1,"2026-02-23 16:39:56"
3372,new,25779,/products/25779.jpg,1,1,"2026-02-23 16:39:56"
3373,new,25787,/products/25787.jpg,1,1,"2026-02-23 16:39:56"
3374,new,25793,/products/25793.jpg,1,1,"2026-02-23 16:39:56"
3375,new,25861,/products/25861.jpg,1,1,"2026-02-23 16:39:56"
3376,new,25889,/products/25889.jpg,1,1,"2026-02-23 16:39:56"
3377,new,25907,/products/25907.jpg,1,1,"2026-02-23 16:39:56"
3378,new,26323,/products/26323.jpg,1,1,"2026-02-23 16:39:56"
3379,new,26371,/products/26371.jpg,1,1,"2026-02-23 16:39:56"
3380,new,26664,/products/26664.jpg,1,1,"2026-02-23 16:39:56"
3381,new,26817,/products/26817.jpg,1,1,"2026-02-23 16:39:56"
3382,new,26862,/products/26862.jpg,1,1,"2026-02-23 16:39:56"
3383,new,26988,/products/26988.jpg,1,1,"2026-02-23 16:39:56"
3384,new,26989,/products/26989.jpg,1,1,"2026-02-23 16:39:56"
3385,new,27014,/products/27014.jpg,1,1,"2026-02-23 16:39:56"
3386,new,27199,/products/27199.jpg,1,1,"2026-02-23 16:39:56"
3387,new,27421,/products/27421.jpg,1,1,"2026-02-23 16:39:56"
3388,new,27498,/products/27498.jpg,1,1,"2026-02-23 16:39:56"
3389,new,27614,/products/27614.jpg,1,1,"2026-02-23 16:39:56"
3390,new,27845,/products/27845.jpg,1,1,"2026-02-23 16:39:56"
3391,new,27846,/products/27846.jpg,1,1,"2026-02-23 16:39:56"
3392,new,27887,/products/27887.jpg,1,1,"2026-02-23 16:39:56"
3393,new,27948,/products/27948.jpg,1,1,"2026-02-23 16:39:56"
3394,new,27960,/products/27960.jpg,1,1,"2026-02-23 16:39:56"
3395,new,27976,/products/27976.jpg,1,1,"2026-02-23 16:39:56"
3396,new,28043,/products/28043.jpg,1,1,"2026-02-23 16:39:56"
3397,new,28048,/products/28048.jpg,1,1,"2026-02-23 16:39:56"
3398,new,28190,/products/28190.jpg,1,1,"2026-02-23 16:39:56"
3399,new,28221,/products/28221.jpg,1,1,"2026-02-23 16:39:56"
3400,new,28233,/products/28233.jpg,1,1,"2026-02-23 16:39:56"
3401,new,28413,/products/28413.jpg,1,1,"2026-02-23 16:39:56"
3402,new,28438,/products/28438.jpg,1,1,"2026-02-23 16:39:56"
3403,new,28492,/products/28492.jpg,1,1,"2026-02-23 16:39:56"
3404,new,28554,/products/28554.jpg,1,1,"2026-02-23 16:39:56"
3405,new,28794,/products/28794.jpg,1,1,"2026-02-23 16:39:56"
3406,new,28896,/products/28896.jpg,1,1,"2026-02-23 16:39:56"
3407,new,28969,/products/28969.jpg,1,1,"2026-02-23 16:39:56"
3408,new,28980,/products/28980.jpg,1,1,"2026-02-23 16:39:56"
3409,new,28985,/products/28985.jpg,1,1,"2026-02-23 16:39:56"
3410,new,28989,/products/28989.jpg,1,1,"2026-02-23 16:39:56"
3411,new,29020,/products/29020.jpg,1,1,"2026-02-23 16:39:56"
3412,new,29226,/products/29226.jpg,1,1,"2026-02-23 16:39:56"
3413,new,29983,/products/29983.jpg,1,1,"2026-02-23 16:39:56"
3414,new,29985,/products/29985.jpg,1,1,"2026-02-23 16:39:56"
3415,new,30011,/products/30011.jpg,1,1,"2026-02-23 16:39:56"
3416,new,30187,/products/30187.jpg,1,1,"2026-02-23 16:39:56"
3417,new,30243,/products/30243.jpg,1,1,"2026-02-23 16:39:56"
3418,new,30260,/products/30260.jpg,1,1,"2026-02-23 16:39:56"
3419,new,30468,/products/30468.jpg,1,1,"2026-02-23 16:39:56"
3420,new,30510,/products/30510.jpg,1,1,"2026-02-23 16:39:56"
3421,new,30593,/products/30593.jpg,1,1,"2026-02-23 16:39:56"
3422,new,30725,/products/30725.jpg,1,1,"2026-02-23 16:39:56"
3423,new,30726,/products/30726.jpg,1,1,"2026-02-23 16:39:56"
3424,new,30727,/products/30727.jpg,1,1,"2026-02-23 16:39:56"
3425,new,30730,/products/30730.jpg,1,1,"2026-02-23 16:39:56"
3426,new,30732,/products/30732.jpg,1,1,"2026-02-23 16:39:56"
3427,new,30738,/products/30738.jpg,1,1,"2026-02-23 16:39:56"
3428,new,30739,/products/30739.jpg,1,1,"2026-02-23 16:39:56"
3429,new,30740,/products/30740.jpg,1,1,"2026-02-23 16:39:56"
3430,new,30741,/products/30741.jpg,1,1,"2026-02-23 16:39:56"
3431,new,30742,/products/30742.jpg,1,1,"2026-02-23 16:39:56"
3432,new,30808,/products/30808.jpg,1,1,"2026-02-23 16:39:56"
3433,new,30821,/products/30821.jpg,1,1,"2026-02-23 16:39:56"
3434,new,30824,/products/30824.jpg,1,1,"2026-02-23 16:39:56"
3435,new,30825,/products/30825.jpg,1,1,"2026-02-23 16:39:56"
3436,new,30826,/products/30826.jpg,1,1,"2026-02-23 16:39:56"
3437,new,30831,/products/30831.jpg,1,1,"2026-02-23 16:39:56"
3438,new,30897,/products/30897.jpg,1,1,"2026-02-23 16:39:56"
3439,new,30898,/products/30898.jpg,1,1,"2026-02-23 16:39:56"
3440,new,30901,/products/30901.jpg,1,1,"2026-02-23 16:39:56"
3441,new,30904,/products/30904.jpg,1,1,"2026-02-23 16:39:56"
3442,new,30925,/products/30925.jpg,1,1,"2026-02-23 16:39:56"
3443,new,30946,/products/30946.jpg,1,1,"2026-02-23 16:39:56"
3444,new,30961,/products/30961.jpg,1,1,"2026-02-23 16:39:56"
3445,new,31126,/products/31126.jpg,1,1,"2026-02-23 16:39:56"
3446,new,31128,/products/31128.jpg,1,1,"2026-02-23 16:39:56"
3447,new,31130,/products/31130.jpg,1,1,"2026-02-23 16:39:56"
3448,new,31161,/products/31161.jpg,1,1,"2026-02-23 16:39:56"
3449,new,31191,/products/31191.jpg,1,1,"2026-02-23 16:39:56"
3450,new,31570,/products/31570.jpg,1,1,"2026-02-23 16:39:56"
3451,new,31571,/products/31571.jpg,1,1,"2026-02-23 16:39:56"
3452,new,31702,/products/31702.jpg,1,1,"2026-02-23 16:39:56"
3453,new,31703,/products/31703.jpg,1,1,"2026-02-23 16:39:56"
3454,new,31713,/products/31713.jpg,1,1,"2026-02-23 16:39:56"
3455,new,31723,/products/31723.jpg,1,1,"2026-02-23 16:39:56"
3456,new,31729,/products/31729.jpg,1,1,"2026-02-23 16:39:56"
3457,new,31732,/products/31732.jpg,1,1,"2026-02-23 16:39:56"
3458,new,31742,/products/31742.jpg,1,1,"2026-02-23 16:39:56"
3459,new,31743,/products/31743.jpg,1,1,"2026-02-23 16:39:56"
3460,new,31879,/products/31879.jpg,1,1,"2026-02-23 16:39:56"
3461,new,31887,/products/31887.jpg,1,1,"2026-02-23 16:39:56"
3462,new,31921,/products/31921.jpg,1,1,"2026-02-23 16:39:56"
3463,new,31990,/products/31990.jpg,1,1,"2026-02-23 16:39:56"
3464,new,32071,/products/32071.jpg,1,1,"2026-02-23 16:39:56"
3465,new,32106,/products/32106.jpg,1,1,"2026-02-23 16:39:56"
3466,new,32184,/products/32184.jpg,1,1,"2026-02-23 16:39:56"
3467,new,32243,/products/32243.jpg,1,1,"2026-02-23 16:39:56"
3468,new,32266,/products/32266.jpg,1,1,"2026-02-23 16:39:56"
3469,new,32348,/products/32348.jpg,1,1,"2026-02-23 16:39:56"
3470,new,32523,/products/32523.jpg,1,1,"2026-02-23 16:39:56"
3471,new,32528,/products/32528.jpg,1,1,"2026-02-23 16:39:56"
3472,new,32533,/products/32533.jpg,1,1,"2026-02-23 16:39:56"
3473,new,32536,/products/32536.jpg,1,1,"2026-02-23 16:39:56"
3474,new,32841,/products/32841.jpg,1,1,"2026-02-23 16:39:56"
3475,new,33146,/products/33146.jpg,1,1,"2026-02-23 16:39:56"
3476,new,33204,/products/33204.jpg,1,1,"2026-02-23 16:39:56"
3477,new,33249,/products/33249.jpg,1,1,"2026-02-23 16:39:56"
3478,new,33309,/products/33309.jpg,1,1,"2026-02-23 16:39:56"
3479,new,33412,/products/33412.jpg,1,1,"2026-02-23 16:39:56"
3480,new,33662,/products/33662.jpg,1,1,"2026-02-23 16:39:56"
3481,new,33736,/products/33736.jpg,1,1,"2026-02-23 16:39:56"
3482,new,33780,/products/33780.jpg,1,1,"2026-02-23 16:39:56"
3483,new,33865,/products/33865.jpg,1,1,"2026-02-23 16:39:56"
3484,new,33959,/products/33959.jpg,1,1,"2026-02-23 16:39:56"
3485,new,33979,/products/33979.jpg,1,1,"2026-02-23 16:39:56"
3486,new,34041,/products/34041.jpg,1,1,"2026-02-23 16:39:56"
3487,new,34268,/products/34268.jpg,1,1,"2026-02-23 16:39:56"
3488,new,34283,/products/34283.jpg,1,1,"2026-02-23 16:39:56"
3489,new,34308,/products/34308.jpg,1,1,"2026-02-23 16:39:56"
3490,new,34309,/products/34309.jpg,1,1,"2026-02-23 16:39:56"
3491,new,34733,/products/34733.jpg,1,1,"2026-02-23 16:39:56"
3492,new,34795,/products/34795.jpg,1,1,"2026-02-23 16:39:56"
3493,new,34916,/products/34916.jpg,1,1,"2026-02-23 16:39:56"
3494,new,34924,/products/34924.jpg,1,1,"2026-02-23 16:39:56"
3495,new,34934,/products/34934.jpg,1,1,"2026-02-23 16:39:56"
3496,new,34937,/products/34937.jpg,1,1,"2026-02-23 16:39:56"
3497,new,34955,/products/34955.jpg,1,1,"2026-02-23 16:39:56"
3498,new,35001,/products/35001.jpg,1,1,"2026-02-23 16:39:56"
3499,new,35003,/products/35003.jpg,1,1,"2026-02-23 16:39:56"
3500,new,35023,/products/35023.jpg,1,1,"2026-02-23 16:39:56"
3501,new,35065,/products/35065.jpg,1,1,"2026-02-23 16:39:56"
3502,new,35212,/products/35212.jpg,1,1,"2026-02-23 16:39:56"
3503,new,35381,/products/35381.jpg,1,1,"2026-02-23 16:39:56"
3504,new,35465,/products/35465.jpg,1,1,"2026-02-23 16:39:56"
3505,new,35664,/products/35664.jpg,1,1,"2026-02-23 16:39:56"
3506,new,35888,/products/35888.jpg,1,1,"2026-02-23 16:39:56"
3507,new,35895,/products/35895.jpg,1,1,"2026-02-23 16:39:56"
3508,new,36018,/products/36018.jpg,1,1,"2026-02-23 16:39:56"
3509,new,36042,/products/36042.jpg,1,1,"2026-02-23 16:39:56"
3510,new,36055,/products/36055.jpg,1,1,"2026-02-23 16:39:56"
3511,new,36073,/products/36073.jpg,1,1,"2026-02-23 16:39:56"
3512,new,36093,/products/36093.jpg,1,1,"2026-02-23 16:39:56"
3513,new,36208,/products/36208.jpg,1,1,"2026-02-23 16:39:56"
3514,new,36255,/products/36255.jpg,1,1,"2026-02-23 16:39:56"
3515,new,36272,/products/36272.jpg,1,1,"2026-02-23 16:39:56"
3516,new,36287,/products/36287.jpg,1,1,"2026-02-23 16:39:56"
3517,new,36303,/products/36303.jpg,1,1,"2026-02-23 16:39:56"
3518,new,36346,/products/36346.jpg,1,1,"2026-02-23 16:39:56"
3519,new,36386,/products/36386.jpg,1,1,"2026-02-23 16:39:56"
3520,new,36505,/products/36505.jpg,1,1,"2026-02-23 16:39:56"
3521,new,36526,/products/36526.jpg,1,1,"2026-02-23 16:39:56"
3522,new,36590,/products/36590.jpg,1,1,"2026-02-23 16:39:56"
3523,new,36666,/products/36666.jpg,1,1,"2026-02-23 16:39:56"
3524,new,36745,/products/36745.jpg,1,1,"2026-02-23 16:39:56"
3525,new,36746,/products/36746.jpg,1,1,"2026-02-23 16:39:56"
3526,new,36747,/products/36747.jpg,1,1,"2026-02-23 16:39:56"
3527,new,36752,/products/36752.jpg,1,1,"2026-02-23 16:39:56"
3528,new,36753,/products/36753.jpg,1,1,"2026-02-23 16:39:56"
3529,new,36832,/products/36832.jpg,1,1,"2026-02-23 16:39:56"
3530,new,36989,/products/36989.jpg,1,1,"2026-02-23 16:39:56"
3531,new,37087,/products/37087.jpg,1,1,"2026-02-23 16:39:56"
3532,new,37167,/products/37167.jpg,1,1,"2026-02-23 16:39:56"
3533,new,37261,/products/37261.jpg,1,1,"2026-02-23 16:39:56"
3534,new,37519,/products/37519.jpg,1,1,"2026-02-23 16:39:56"
3535,new,37524,/products/37524.jpg,1,1,"2026-02-23 16:39:56"
3536,new,37525,/products/37525.jpg,1,1,"2026-02-23 16:39:56"
3537,new,37526,/products/37526.jpg,1,1,"2026-02-23 16:39:56"
3538,new,37528,/products/37528.jpg,1,1,"2026-02-23 16:39:56"
3539,new,37533,/products/37533.jpg,1,1,"2026-02-23 16:39:56"
3540,new,37537,/products/37537.jpg,1,1,"2026-02-23 16:39:56"
3541,new,37538,/products/37538.jpg,1,1,"2026-02-23 16:39:56"
3542,new,37539,/products/37539.jpg,1,1,"2026-02-23 16:39:56"
3543,new,37549,/products/37549.jpg,1,1,"2026-02-23 16:39:56"
3544,new,37550,/products/37550.jpg,1,1,"2026-02-23 16:39:56"
3545,new,37555,/products/37555.jpg,1,1,"2026-02-23 16:39:56"
3546,new,37561,/products/37561.jpg,1,1,"2026-02-23 16:39:56"
3547,new,37562,/products/37562.jpg,1,1,"2026-02-23 16:39:56"
3548,new,37563,/products/37563.jpg,1,1,"2026-02-23 16:39:56"
3549,new,37574,/products/37574.jpg,1,1,"2026-02-23 16:39:56"
3550,new,37575,/products/37575.jpg,1,1,"2026-02-23 16:39:56"
3551,new,37579,/products/37579.jpg,1,1,"2026-02-23 16:39:56"
3552,new,37587,/products/37587.jpg,1,1,"2026-02-23 16:39:56"
3553,new,37892,/products/37892.jpg,1,1,"2026-02-23 16:39:56"
3554,new,37893,/products/37893.jpg,1,1,"2026-02-23 16:39:56"
3555,new,37894,/products/37894.jpg,1,1,"2026-02-23 16:39:56"
3556,new,37940,/products/37940.jpg,1,1,"2026-02-23 16:39:56"
3557,new,38192,/products/38192.jpg,1,1,"2026-02-23 16:39:56"
3558,new,38210,/products/38210.jpg,1,1,"2026-02-23 16:39:56"
3559,new,38222,/products/38222.jpg,1,1,"2026-02-23 16:39:56"
3560,new,38223,/products/38223.jpg,1,1,"2026-02-23 16:39:56"
3561,new,38357,/products/38357.jpg,1,1,"2026-02-23 16:39:56"
3562,new,38445,/products/38445.jpg,1,1,"2026-02-23 16:39:56"
3563,new,38458,/products/38458.jpg,1,1,"2026-02-23 16:39:56"
3564,new,38575,/products/38575.jpg,1,1,"2026-02-23 16:39:56"
3565,new,38757,/products/38757.jpg,1,1,"2026-02-23 16:39:56"
3566,new,38848,/products/38848.jpg,1,1,"2026-02-23 16:39:56"
3567,new,38962,/products/38962.jpg,1,1,"2026-02-23 16:39:56"
3568,new,38968,/products/38968.jpg,1,1,"2026-02-23 16:39:56"
3569,new,39034,/products/39034.jpg,1,1,"2026-02-23 16:39:56"
3570,new,39054,/products/39054.jpg,1,1,"2026-02-23 16:39:56"
3571,new,39124,/products/39124.jpg,1,1,"2026-02-23 16:39:56"
3572,new,39140,/products/39140.jpg,1,1,"2026-02-23 16:39:56"
3573,new,39192,/products/39192.jpg,1,1,"2026-02-23 16:39:56"
3574,new,39233,/products/39233.jpg,1,1,"2026-02-23 16:39:56"
3575,new,39452,/products/39452.jpg,1,1,"2026-02-23 16:39:56"
3576,new,39511,/products/39511.jpg,1,1,"2026-02-23 16:39:56"
3577,new,39520,/products/39520.jpg,1,1,"2026-02-23 16:39:56"
3578,new,39523,/products/39523.jpg,1,1,"2026-02-23 16:39:56"
3579,new,39524,/products/39524.jpg,1,1,"2026-02-23 16:39:56"
3580,new,39591,/products/39591.jpg,1,1,"2026-02-23 16:39:56"
3581,new,39720,/products/39720.jpg,1,1,"2026-02-23 16:39:56"
3582,new,39898,/products/39898.jpg,1,1,"2026-02-23 16:39:56"
3583,new,39899,/products/39899.jpg,1,1,"2026-02-23 16:39:56"
3584,new,39927,/products/39927.jpg,1,1,"2026-02-23 16:39:56"
3585,new,39953,/products/39953.jpg,1,1,"2026-02-23 16:39:56"
3586,new,40036,/products/40036.jpg,1,1,"2026-02-23 16:39:56"
3587,new,40071,/products/40071.jpg,1,1,"2026-02-23 16:39:56"
3588,new,40074,/products/40074.jpg,1,1,"2026-02-23 16:39:56"
3589,new,40122,/products/40122.jpg,1,1,"2026-02-23 16:39:56"
3590,new,40127,/products/40127.jpg,1,1,"2026-02-23 16:39:56"
3591,new,40310,/products/40310.jpg,1,1,"2026-02-23 16:39:56"
3592,new,40390,/products/40390.jpg,1,1,"2026-02-23 16:39:56"
3593,new,40427,/products/40427.jpg,1,1,"2026-02-23 16:39:56"
3594,new,40433,/products/40433.jpg,1,1,"2026-02-23 16:39:56"
3595,new,40517,/products/40517.jpg,1,1,"2026-02-23 16:39:56"
3596,new,40549,/products/40549.jpg,1,1,"2026-02-23 16:39:56"
3597,new,40562,/products/40562.jpg,1,1,"2026-02-23 16:39:56"
3598,new,40591,/products/40591.jpg,1,1,"2026-02-23 16:39:56"
3599,new,40766,/products/40766.jpg,1,1,"2026-02-23 16:39:56"
3600,new,40826,/products/40826.jpg,1,1,"2026-02-23 16:39:56"
3601,new,41003,/products/41003.jpg,1,1,"2026-02-23 16:39:56"
3602,new,41302,/products/41302.jpg,1,1,"2026-02-23 16:39:56"
3603,new,41330,/products/41330.jpg,1,1,"2026-02-23 16:39:56"
3604,new,41457,/products/41457.jpg,1,1,"2026-02-23 16:39:56"
3605,new,41681,/products/41681.jpg,1,1,"2026-02-23 16:39:56"
3606,new,41743,/products/41743.jpg,1,1,"2026-02-23 16:39:56"
3607,new,41854,/products/41854.jpg,1,1,"2026-02-23 16:39:56"
3608,new,42064,/products/42064.jpg,1,1,"2026-02-23 16:39:56"
3609,new,42065,/products/42065.jpg,1,1,"2026-02-23 16:39:56"
3610,new,42066,/products/42066.jpg,1,1,"2026-02-23 16:39:56"
3611,new,42091,/products/42091.jpg,1,1,"2026-02-23 16:39:56"
3612,new,42331,/products/42331.jpg,1,1,"2026-02-23 16:39:56"
3613,new,42350,/products/42350.jpg,1,1,"2026-02-23 16:39:56"
3614,new,42582,/products/42582.jpg,1,1,"2026-02-23 16:39:56"
3615,new,42611,/products/42611.jpg,1,1,"2026-02-23 16:39:56"
3616,new,42614,/products/42614.jpg,1,1,"2026-02-23 16:39:56"
3617,new,42731,/products/42731.jpg,1,1,"2026-02-23 16:39:56"
3618,new,42828,/products/42828.jpg,1,1,"2026-02-23 16:39:56"
3619,new,42829,/products/42829.jpg,1,1,"2026-02-23 16:39:56"
3620,new,42830,/products/42830.jpg,1,1,"2026-02-23 16:39:56"
3621,new,42831,/products/42831.jpg,1,1,"2026-02-23 16:39:56"
3622,new,42970,/products/42970.jpg,1,1,"2026-02-23 16:39:56"
3623,new,42974,/products/42974.jpg,1,1,"2026-02-23 16:39:56"
3624,new,43077,/products/43077.jpg,1,1,"2026-02-23 16:39:56"
3625,new,43230,/products/43230.jpg,1,1,"2026-02-23 16:39:56"
3626,new,43349,/products/43349.jpg,1,1,"2026-02-23 16:39:56"
3627,new,43392,/products/43392.jpg,1,1,"2026-02-23 16:39:56"
3628,new,43462,/products/43462.jpg,1,1,"2026-02-23 16:39:56"
3629,new,43589,/products/43589.jpg,1,1,"2026-02-23 16:39:56"
3630,new,43655,/products/43655.jpg,1,1,"2026-02-23 16:39:56"
3631,new,43665,/products/43665.jpg,1,1,"2026-02-23 16:39:56"
3632,new,43666,/products/43666.jpg,1,1,"2026-02-23 16:39:56"
3633,new,43674,/products/43674.jpg,1,1,"2026-02-23 16:39:56"
3634,new,43675,/products/43675.jpg,1,1,"2026-02-23 16:39:56"
3635,new,43724,/products/43724.jpg,1,1,"2026-02-23 16:39:56"
3636,new,43735,/products/43735.jpg,1,1,"2026-02-23 16:39:56"
3637,new,43751,/products/43751.jpg,1,1,"2026-02-23 16:39:56"
3638,new,43830,/products/43830.jpg,1,1,"2026-02-23 16:39:56"
3639,new,44016,/products/44016.jpg,1,1,"2026-02-23 16:39:56"
3640,new,44040,/products/44040.jpg,1,1,"2026-02-23 16:39:56"
3641,new,44130,/products/44130.jpg,1,1,"2026-02-23 16:39:56"
3642,new,44134,/products/44134.jpg,1,1,"2026-02-23 16:39:56"
3643,new,44152,/products/44152.jpg,1,1,"2026-02-23 16:39:56"
3644,new,44155,/products/44155.jpg,1,1,"2026-02-23 16:39:56"
3645,new,44156,/products/44156.jpg,1,1,"2026-02-23 16:39:56"
3646,new,44174,/products/44174.jpg,1,1,"2026-02-23 16:39:56"
3647,new,44278,/products/44278.jpg,1,1,"2026-02-23 16:39:56"
3648,new,44560,/products/44560.jpg,1,1,"2026-02-23 16:39:56"
3649,new,44662,/products/44662.jpg,1,1,"2026-02-23 16:39:56"
3650,new,44686,/products/44686.jpg,1,1,"2026-02-23 16:39:56"
3651,new,44953,/products/44953.jpg,1,1,"2026-02-23 16:39:56"
3652,new,44963,/products/44963.jpg,1,1,"2026-02-23 16:39:56"
3653,new,45082,/products/45082.jpg,1,1,"2026-02-23 16:39:56"
3654,new,45087,/products/45087.jpg,1,1,"2026-02-23 16:39:56"
3655,new,45102,/products/45102.jpg,1,1,"2026-02-23 16:39:56"
3656,new,45174,/products/45174.jpg,1,1,"2026-02-23 16:39:56"
3657,new,45202,/products/45202.jpg,1,1,"2026-02-23 16:39:56"
3658,new,45362,/products/45362.jpg,1,1,"2026-02-23 16:39:56"
3659,new,45375,/products/45375.jpg,1,1,"2026-02-23 16:39:56"
3660,new,45633,/products/45633.jpg,1,1,"2026-02-23 16:39:56"
3661,new,45690,/products/45690.jpg,1,1,"2026-02-23 16:39:56"
3663,new,45928,/products/45928.jpg,1,1,"2026-02-23 16:39:56"
3664,new,45943,/products/45943.jpg,1,1,"2026-02-23 16:39:56"
3665,new,46042,/products/46042.jpg,1,1,"2026-02-23 16:39:56"
3666,new,46054,/products/46054.jpg,1,1,"2026-02-23 16:39:56"
3667,new,46055,/products/46055.jpg,1,1,"2026-02-23 16:39:56"
3668,new,46129,/products/46129.jpg,1,1,"2026-02-23 16:39:56"
3669,new,46134,/products/46134.jpg,1,1,"2026-02-23 16:39:56"
3670,new,46154,/products/46154.jpg,1,1,"2026-02-23 16:39:56"
3671,new,46203,/products/46203.jpg,1,1,"2026-02-23 16:39:56"
3672,new,46246,/products/46246.jpg,1,1,"2026-02-23 16:39:56"
3673,new,46308,/products/46308.jpg,1,1,"2026-02-23 16:39:56"
3674,new,46387,/products/46387.jpg,1,1,"2026-02-23 16:39:56"
3675,new,46390,/products/46390.jpg,1,1,"2026-02-23 16:39:56"
3676,new,46705,/products/46705.jpg,1,1,"2026-02-23 16:39:56"
3677,new,46733,/products/46733.jpg,1,1,"2026-02-23 16:39:56"
3678,new,46876,/products/46876.jpg,1,1,"2026-02-23 16:39:56"
3679,new,46897,/products/46897.jpg,1,1,"2026-02-23 16:39:56"
3680,new,47047,/products/47047.jpg,1,1,"2026-02-23 16:39:56"
3681,new,47052,/products/47052.jpg,1,1,"2026-02-23 16:39:56"
3682,new,47063,/products/47063.jpg,1,1,"2026-02-23 16:39:56"
3683,new,47065,/products/47065.jpg,1,1,"2026-02-23 16:39:56"
3684,new,47073,/products/47073.jpg,1,1,"2026-02-23 16:39:56"
3685,new,47076,/products/47076.jpg,1,1,"2026-02-23 16:39:56"
3686,new,47080,/products/47080.jpg,1,1,"2026-02-23 16:39:56"
3687,new,47260,/products/47260.jpg,1,1,"2026-02-23 16:39:56"
3688,new,47270,/products/47270.jpg,1,1,"2026-02-23 16:39:56"
3689,new,47280,/products/47280.jpg,1,1,"2026-02-23 16:39:56"
3690,new,47328,/products/47328.jpg,1,1,"2026-02-23 16:39:56"
3691,new,47385,/products/47385.jpg,1,1,"2026-02-23 16:39:56"
3692,new,47388,/products/47388.jpg,1,1,"2026-02-23 16:39:56"
3693,new,47400,/products/47400.jpg,1,1,"2026-02-23 16:39:56"
3694,new,47408,/products/47408.jpg,1,1,"2026-02-23 16:39:56"
3695,new,47450,/products/47450.jpg,1,1,"2026-02-23 16:39:56"
3696,new,47667,/products/47667.jpg,1,1,"2026-02-23 16:39:56"
3697,new,47927,/products/47927.jpg,1,1,"2026-02-23 16:39:56"
3698,new,48242,/products/48242.jpg,1,1,"2026-02-23 16:39:56"
3699,new,48311,/products/48311.jpg,1,1,"2026-02-23 16:39:56"
3700,new,48392,/products/48392.jpg,1,1,"2026-02-23 16:39:56"
3701,new,48504,/products/48504.jpg,1,1,"2026-02-23 16:39:56"
3702,new,48522,/products/48522.jpg,1,1,"2026-02-23 16:39:56"
3703,new,48566,/products/48566.jpg,1,1,"2026-02-23 16:39:56"
3704,new,48576,/products/48576.jpg,1,1,"2026-02-23 16:39:56"
3705,new,48589,/products/48589.jpg,1,1,"2026-02-23 16:39:56"
3706,new,48606,/products/48606.jpg,1,1,"2026-02-23 16:39:56"
3707,new,48616,/products/48616.jpg,1,1,"2026-02-23 16:39:56"
3708,new,48665,/products/48665.jpg,1,1,"2026-02-23 16:39:56"
3709,new,48684,/products/48684.jpg,1,1,"2026-02-23 16:39:56"
3710,new,48734,/products/48734.jpg,1,1,"2026-02-23 16:39:56"
3711,new,48753,/products/48753.jpg,1,1,"2026-02-23 16:39:56"
3712,new,48763,/products/48763.jpg,1,1,"2026-02-23 16:39:56"
3713,new,48774,/products/48774.jpg,1,1,"2026-02-23 16:39:56"
3714,new,48833,/products/48833.jpg,1,1,"2026-02-23 16:39:56"
3715,new,48853,/products/48853.jpg,1,1,"2026-02-23 16:39:56"
3716,new,48855,/products/48855.jpg,1,1,"2026-02-23 16:39:56"
3717,new,48895,/products/48895.jpg,1,1,"2026-02-23 16:39:56"
3718,new,48933,/products/48933.jpg,1,1,"2026-02-23 16:39:56"
3719,new,48934,/products/48934.jpg,1,1,"2026-02-23 16:39:56"
3720,new,48935,/products/48935.jpg,1,1,"2026-02-23 16:39:56"
3721,new,48944,/products/48944.jpg,1,1,"2026-02-23 16:39:56"
3722,new,48990,/products/48990.jpg,1,1,"2026-02-23 16:39:56"
3723,new,49033,/products/49033.jpg,1,1,"2026-02-23 16:39:56"
3724,new,49052,/products/49052.jpg,1,1,"2026-02-23 16:39:56"
3725,new,49072,/products/49072.jpg,1,1,"2026-02-23 16:39:56"
3726,new,49086,/products/49086.jpg,1,1,"2026-02-23 16:39:56"
3727,new,49090,/products/49090.jpg,1,1,"2026-02-23 16:39:56"
3728,new,49097,/products/49097.jpg,1,1,"2026-02-23 16:39:56"
3729,new,49099,/products/49099.jpg,1,1,"2026-02-23 16:39:56"
3730,new,49101,/products/49101.jpg,1,1,"2026-02-23 16:39:56"
3731,new,49102,/products/49102.jpg,1,1,"2026-02-23 16:39:56"
3732,new,49103,/products/49103.jpg,1,1,"2026-02-23 16:39:56"
3733,new,49104,/products/49104.jpg,1,1,"2026-02-23 16:39:56"
3734,new,49112,/products/49112.jpg,1,1,"2026-02-23 16:39:56"
3735,new,49118,/products/49118.jpg,1,1,"2026-02-23 16:39:56"
3736,new,49136,/products/49136.jpg,1,1,"2026-02-23 16:39:56"
3737,new,49151,/products/49151.jpg,1,1,"2026-02-23 16:39:56"
3738,new,49153,/products/49153.jpg,1,1,"2026-02-23 16:39:56"
3739,new,49156,/products/49156.jpg,1,1,"2026-02-23 16:39:56"
3740,new,49228,/products/49228.jpg,1,1,"2026-02-23 16:39:56"
3741,new,49239,/products/49239.jpg,1,1,"2026-02-23 16:39:56"
3742,new,49535,/products/49535.jpg,1,1,"2026-02-23 16:39:56"
3743,new,49577,/products/49577.jpg,1,1,"2026-02-23 16:39:56"
3744,new,49701,/products/49701.jpg,1,1,"2026-02-23 16:39:56"
3745,new,49766,/products/49766.jpg,1,1,"2026-02-23 16:39:56"
3746,new,49920,/products/49920.jpg,1,1,"2026-02-23 16:39:56"
3747,new,49946,/products/49946.jpg,1,1,"2026-02-23 16:39:56"
3748,new,49954,/products/49954.jpg,1,1,"2026-02-23 16:39:56"
3749,new,49959,/products/49959.jpg,1,1,"2026-02-23 16:39:56"
3750,new,50026,/products/50026.jpg,1,1,"2026-02-23 16:39:56"
3751,new,50028,/products/50028.jpg,1,1,"2026-02-23 16:39:56"
3752,new,50190,/products/50190.jpg,1,1,"2026-02-23 16:39:56"
3753,new,50194,/products/50194.jpg,1,1,"2026-02-23 16:39:56"
3754,new,50229,/products/50229.jpg,1,1,"2026-02-23 16:39:56"
3755,new,50281,/products/50281.jpg,1,1,"2026-02-23 16:39:56"
3756,new,50378,/products/50378.jpg,1,1,"2026-02-23 16:39:56"
3757,new,50379,/products/50379.jpg,1,1,"2026-02-23 16:39:56"
3758,new,50382,/products/50382.jpg,1,1,"2026-02-23 16:39:56"
3759,new,50383,/products/50383.jpg,1,1,"2026-02-23 16:39:56"
3760,new,50384,/products/50384.jpg,1,1,"2026-02-23 16:39:56"
3761,new,50385,/products/50385.jpg,1,1,"2026-02-23 16:39:56"
3762,new,50386,/products/50386.jpg,1,1,"2026-02-23 16:39:56"
3763,new,50429,/products/50429.jpg,1,1,"2026-02-23 16:39:56"
3764,new,50519,/products/50519.jpg,1,1,"2026-02-23 16:39:56"
3765,new,50651,/products/50651.jpg,1,1,"2026-02-23 16:39:56"
3766,new,50652,/products/50652.jpg,1,1,"2026-02-23 16:39:56"
3767,new,50654,/products/50654.jpg,1,1,"2026-02-23 16:39:56"
3768,new,50673,/products/50673.jpg,1,1,"2026-02-23 16:39:56"
3769,new,50676,/products/50676.jpg,1,1,"2026-02-23 16:39:56"
3770,new,50842,/products/50842.jpg,1,1,"2026-02-23 16:39:56"
3771,new,50948,/products/50948.jpg,1,1,"2026-02-23 16:39:56"
3772,new,50982,/products/50982.jpg,1,1,"2026-02-23 16:39:56"
3773,new,50995,/products/50995.jpg,1,1,"2026-02-23 16:39:56"
3774,new,51045,/products/51045.jpg,1,1,"2026-02-23 16:39:56"
3775,new,51320,/products/51320.jpg,1,1,"2026-02-23 16:39:56"
3776,new,51329,/products/51329.jpg,1,1,"2026-02-23 16:39:56"
3777,new,51330,/products/51330.jpg,1,1,"2026-02-23 16:39:56"
3778,new,51331,/products/51331.jpg,1,1,"2026-02-23 16:39:56"
3779,new,51332,/products/51332.jpg,1,1,"2026-02-23 16:39:56"
3780,new,51334,/products/51334.jpg,1,1,"2026-02-23 16:39:56"
3781,new,51388,/products/51388.jpg,1,1,"2026-02-23 16:39:56"
3782,new,51390,/products/51390.jpg,1,1,"2026-02-23 16:39:56"
3783,new,51391,/products/51391.jpg,1,1,"2026-02-23 16:39:56"
3784,new,51392,/products/51392.jpg,1,1,"2026-02-23 16:39:56"
3785,new,51455,/products/51455.jpg,1,1,"2026-02-23 16:39:56"
3786,new,51556,/products/51556.jpg,1,1,"2026-02-23 16:39:56"
3787,new,51590,/products/51590.jpg,1,1,"2026-02-23 16:39:56"
3788,new,51597,/products/51597.jpg,1,1,"2026-02-23 16:39:56"
3789,new,51716,/products/51716.jpg,1,1,"2026-02-23 16:39:56"
3790,new,51778,/products/51778.jpg,1,1,"2026-02-23 16:39:56"
3791,new,51944,/products/51944.jpg,1,1,"2026-02-23 16:39:56"
3792,new,51981,/products/51981.jpg,1,1,"2026-02-23 16:39:56"
3793,new,51988,/products/51988.jpg,1,1,"2026-02-23 16:39:56"
3794,new,51995,/products/51995.jpg,1,1,"2026-02-23 16:39:56"
3795,new,52003,/products/52003.jpg,1,1,"2026-02-23 16:39:56"
3796,new,52021,/products/52021.jpg,1,1,"2026-02-23 16:39:56"
3797,new,52027,/products/52027.jpg,1,1,"2026-02-23 16:39:56"
3798,new,52028,/products/52028.jpg,1,1,"2026-02-23 16:39:56"
3799,new,52029,/products/52029.jpg,1,1,"2026-02-23 16:39:56"
3800,new,52031,/products/52031.jpg,1,1,"2026-02-23 16:39:56"
3801,new,52042,/products/52042.jpg,1,1,"2026-02-23 16:39:56"
3802,new,52100,/products/52100.jpg,1,1,"2026-02-23 16:39:56"
3803,new,52134,/products/52134.jpg,1,1,"2026-02-23 16:39:56"
3804,new,52235,/products/52235.jpg,1,1,"2026-02-23 16:39:56"
3805,new,52309,/products/52309.jpg,1,1,"2026-02-23 16:39:56"
3806,new,52316,/products/52316.jpg,1,1,"2026-02-23 16:39:56"
3807,new,52371,/products/52371.jpg,1,1,"2026-02-23 16:39:56"
3808,new,52373,/products/52373.jpg,1,1,"2026-02-23 16:39:56"
3809,new,52424,/products/52424.jpg,1,1,"2026-02-23 16:39:56"
3810,new,52429,/products/52429.jpg,1,1,"2026-02-23 16:39:56"
3811,new,52438,/products/52438.jpg,1,1,"2026-02-23 16:39:56"
3812,new,52470,/products/52470.jpg,1,1,"2026-02-23 16:39:56"
3813,new,52472,/products/52472.jpg,1,1,"2026-02-23 16:39:56"
3814,new,52475,/products/52475.jpg,1,1,"2026-02-23 16:39:56"
3815,new,52479,/products/52479.jpg,1,1,"2026-02-23 16:39:56"
3816,new,52480,/products/52480.jpg,1,1,"2026-02-23 16:39:56"
3817,new,52481,/products/52481.jpg,1,1,"2026-02-23 16:39:56"
3818,new,52487,/products/52487.jpg,1,1,"2026-02-23 16:39:56"
3819,new,52490,/products/52490.jpg,1,1,"2026-02-23 16:39:56"
3820,new,52494,/products/52494.jpg,1,1,"2026-02-23 16:39:56"
3821,new,52497,/products/52497.jpg,1,1,"2026-02-23 16:39:56"
3822,new,52499,/products/52499.jpg,1,1,"2026-02-23 16:39:56"
3823,new,52500,/products/52500.jpg,1,1,"2026-02-23 16:39:56"
3824,new,52503,/products/52503.jpg,1,1,"2026-02-23 16:39:56"
3825,new,52505,/products/52505.jpg,1,1,"2026-02-23 16:39:56"
3826,new,52509,/products/52509.jpg,1,1,"2026-02-23 16:39:56"
3827,new,52510,/products/52510.jpg,1,1,"2026-02-23 16:39:56"
3828,new,52515,/products/52515.jpg,1,1,"2026-02-23 16:39:56"
3829,new,52517,/products/52517.jpg,1,1,"2026-02-23 16:39:56"
3830,new,52893,/products/52893.jpg,1,1,"2026-02-23 16:39:56"
3831,new,53003,/products/53003.jpg,1,1,"2026-02-23 16:39:56"
3832,new,53036,/products/53036.jpg,1,1,"2026-02-23 16:39:56"
3833,new,53050,/products/53050.jpg,1,1,"2026-02-23 16:39:56"
3834,new,53092,/products/53092.jpg,1,1,"2026-02-23 16:39:56"
3835,new,53357,/products/53357.jpg,1,1,"2026-02-23 16:39:56"
3836,new,53449,/products/53449.jpg,1,1,"2026-02-23 16:39:56"
3837,new,53475,/products/53475.jpg,1,1,"2026-02-23 16:39:56"
3838,new,53537,/products/53537.jpg,1,1,"2026-02-23 16:39:56"
3839,new,53598,/products/53598.jpg,1,1,"2026-02-23 16:39:56"
3840,new,53654,/products/53654.jpg,1,1,"2026-02-23 16:39:56"
3841,new,53818,/products/53818.jpg,1,1,"2026-02-23 16:39:56"
3842,new,54049,/products/54049.jpg,1,1,"2026-02-23 16:39:56"
3843,new,54057,/products/54057.jpg,1,1,"2026-02-23 16:39:56"
3844,new,54142,/products/54142.jpg,1,1,"2026-02-23 16:39:56"
3845,new,54171,/products/54171.jpg,1,1,"2026-02-23 16:39:56"
3846,new,54339,/products/54339.jpg,1,1,"2026-02-23 16:39:56"
3847,new,54388,/products/54388.jpg,1,1,"2026-02-23 16:39:56"
3848,new,54614,/products/54614.jpg,1,1,"2026-02-23 16:39:56"
3849,new,54739,/products/54739.jpg,1,1,"2026-02-23 16:39:56"
3850,new,54865,/products/54865.jpg,1,1,"2026-02-23 16:39:56"
3851,new,54977,/products/54977.jpg,1,1,"2026-02-23 16:39:56"
3852,new,54978,/products/54978.jpg,1,1,"2026-02-23 16:39:56"
3853,new,54992,/products/54992.jpg,1,1,"2026-02-23 16:39:56"
3854,new,55002,/products/55002.jpg,1,1,"2026-02-23 16:39:56"
3855,new,55018,/products/55018.jpg,1,1,"2026-02-23 16:39:56"
3856,new,55026,/products/55026.jpg,1,1,"2026-02-23 16:39:56"
3857,new,55072,/products/55072.jpg,1,1,"2026-02-23 16:39:56"
3858,new,55081,/products/55081.jpg,1,1,"2026-02-23 16:39:56"
3859,new,55086,/products/55086.jpg,1,1,"2026-02-23 16:39:56"
3860,new,55107,/products/55107.jpg,1,1,"2026-02-23 16:39:56"
3861,new,55109,/products/55109.jpg,1,1,"2026-02-23 16:39:56"
3862,new,55119,/products/55119.jpg,1,1,"2026-02-23 16:39:56"
3863,new,55134,/products/55134.jpg,1,1,"2026-02-23 16:39:56"
3864,new,55156,/products/55156.jpg,1,1,"2026-02-23 16:39:56"
3865,new,55197,/products/55197.jpg,1,1,"2026-02-23 16:39:56"
3866,new,55198,/products/55198.jpg,1,1,"2026-02-23 16:39:56"
3867,new,55200,/products/55200.jpg,1,1,"2026-02-23 16:39:56"
3868,new,55201,/products/55201.jpg,1,1,"2026-02-23 16:39:56"
3869,new,55202,/products/55202.jpg,1,1,"2026-02-23 16:39:56"
3870,new,55209,/products/55209.jpg,1,1,"2026-02-23 16:39:56"
3871,new,55223,/products/55223.jpg,1,1,"2026-02-23 16:39:56"
3872,new,55232,/products/55232.jpg,1,1,"2026-02-23 16:39:56"
3873,new,55233,/products/55233.jpg,1,1,"2026-02-23 16:39:56"
3874,new,55250,/products/55250.jpg,1,1,"2026-02-23 16:39:56"
3875,new,55253,/products/55253.jpg,1,1,"2026-02-23 16:39:56"
3876,new,55273,/products/55273.jpg,1,1,"2026-02-23 16:39:56"
3877,new,55276,/products/55276.jpg,1,1,"2026-02-23 16:39:56"
3878,new,55282,/products/55282.jpg,1,1,"2026-02-23 16:39:56"
3879,new,55286,/products/55286.jpg,1,1,"2026-02-23 16:39:56"
3880,new,55295,/products/55295.jpg,1,1,"2026-02-23 16:39:56"
3881,new,55296,/products/55296.jpg,1,1,"2026-02-23 16:39:56"
3882,new,55324,/products/55324.jpg,1,1,"2026-02-23 16:39:56"
3883,new,55325,/products/55325.jpg,1,1,"2026-02-23 16:39:56"
3884,new,55328,/products/55328.jpg,1,1,"2026-02-23 16:39:56"
3885,new,55333,/products/55333.jpg,1,1,"2026-02-23 16:39:56"
3886,new,55336,/products/55336.jpg,1,1,"2026-02-23 16:39:56"
3887,new,55337,/products/55337.jpg,1,1,"2026-02-23 16:39:56"
3888,new,55351,/products/55351.jpg,1,1,"2026-02-23 16:39:56"
3889,new,55352,/products/55352.jpg,1,1,"2026-02-23 16:39:56"
3890,new,55385,/products/55385.jpg,1,1,"2026-02-23 16:39:56"
3891,new,55394,/products/55394.jpg,1,1,"2026-02-23 16:39:56"
3892,new,55396,/products/55396.jpg,1,1,"2026-02-23 16:39:56"
3893,new,55397,/products/55397.jpg,1,1,"2026-02-23 16:39:56"
3894,new,55398,/products/55398.jpg,1,1,"2026-02-23 16:39:56"
3895,new,55399,/products/55399.jpg,1,1,"2026-02-23 16:39:56"
3896,new,55436,/products/55436.jpg,1,1,"2026-02-23 16:39:56"
3897,new,55480,/products/55480.jpg,1,1,"2026-02-23 16:39:56"
3898,new,55482,/products/55482.jpg,1,1,"2026-02-23 16:39:56"
3899,new,55489,/products/55489.jpg,1,1,"2026-02-23 16:39:56"
3900,new,55499,/products/55499.jpg,1,1,"2026-02-23 16:39:56"
3901,new,55516,/products/55516.jpg,1,1,"2026-02-23 16:39:56"
3902,new,55519,/products/55519.jpg,1,1,"2026-02-23 16:39:56"
3903,new,55523,/products/55523.jpg,1,1,"2026-02-23 16:39:56"
3904,new,55528,/products/55528.jpg,1,1,"2026-02-23 16:39:56"
3905,new,55540,/products/55540.jpg,1,1,"2026-02-23 16:39:56"
3906,new,55558,/products/55558.jpg,1,1,"2026-02-23 16:39:56"
3907,new,55561,/products/55561.jpg,1,1,"2026-02-23 16:39:56"
3908,new,55572,/products/55572.jpg,1,1,"2026-02-23 16:39:56"
3909,new,55573,/products/55573.jpg,1,1,"2026-02-23 16:39:56"
3910,new,55583,/products/55583.jpg,1,1,"2026-02-23 16:39:56"
3911,new,55834,/products/55834.jpg,1,1,"2026-02-23 16:39:56"
3912,new,55835,/products/55835.jpg,1,1,"2026-02-23 16:39:56"
3913,new,55836,/products/55836.jpg,1,1,"2026-02-23 16:39:56"
3914,new,55851,/products/55851.jpg,1,1,"2026-02-23 16:39:56"
3915,new,55939,/products/55939.jpg,1,1,"2026-02-23 16:39:56"
3916,new,55962,/products/55962.jpg,1,1,"2026-02-23 16:39:56"
3917,new,56013,/products/56013.jpg,1,1,"2026-02-23 16:39:56"
3918,new,56029,/products/56029.jpg,1,1,"2026-02-23 16:39:56"
3919,new,56094,/products/56094.jpg,1,1,"2026-02-23 16:39:56"
3920,new,56105,/products/56105.jpg,1,1,"2026-02-23 16:39:56"
3921,new,56106,/products/56106.jpg,1,1,"2026-02-23 16:39:56"
3922,new,56121,/products/56121.jpg,1,1,"2026-02-23 16:39:56"
3923,new,56126,/products/56126.jpg,1,1,"2026-02-23 16:39:56"
3924,new,56129,/products/56129.jpg,1,1,"2026-02-23 16:39:56"
3925,new,56136,/products/56136.jpg,1,1,"2026-02-23 16:39:56"
3926,new,56139,/products/56139.jpg,1,1,"2026-02-23 16:39:56"
3927,new,56141,/products/56141.jpg,1,1,"2026-02-23 16:39:56"
3928,new,56160,/products/56160.jpg,1,1,"2026-02-23 16:39:56"
3929,new,56170,/products/56170.jpg,1,1,"2026-02-23 16:39:56"
3930,new,56173,/products/56173.jpg,1,1,"2026-02-23 16:39:56"
3931,new,56178,/products/56178.jpg,1,1,"2026-02-23 16:39:56"
3932,new,56180,/products/56180.jpg,1,1,"2026-02-23 16:39:56"
3933,new,56183,/products/56183.jpg,1,1,"2026-02-23 16:39:56"
3934,new,56187,/products/56187.jpg,1,1,"2026-02-23 16:39:56"
3935,new,56189,/products/56189.jpg,1,1,"2026-02-23 16:39:56"
3936,new,56217,/products/56217.jpg,1,1,"2026-02-23 16:39:56"
3937,new,56219,/products/56219.jpg,1,1,"2026-02-23 16:39:56"
3938,new,56236,/products/56236.jpg,1,1,"2026-02-23 16:39:56"
3939,new,56261,/products/56261.jpg,1,1,"2026-02-23 16:39:56"
3940,new,56263,/products/56263.jpg,1,1,"2026-02-23 16:39:56"
3941,new,56277,/products/56277.jpg,1,1,"2026-02-23 16:39:56"
3942,new,56278,/products/56278.jpg,1,1,"2026-02-23 16:39:56"
3943,new,56284,/products/56284.jpg,1,1,"2026-02-23 16:39:56"
3944,new,56365,/products/56365.jpg,1,1,"2026-02-23 16:39:56"
3945,new,56366,/products/56366.jpg,1,1,"2026-02-23 16:39:56"
3946,new,56389,/products/56389.jpg,1,1,"2026-02-23 16:39:56"
3947,new,56432,/products/56432.jpg,1,1,"2026-02-23 16:39:56"
3948,new,56494,/products/56494.jpg,1,1,"2026-02-23 16:39:56"
3949,new,56543,/products/56543.jpg,1,1,"2026-02-23 16:39:56"
3950,new,56544,/products/56544.jpg,1,1,"2026-02-23 16:39:56"
3951,new,56545,/products/56545.jpg,1,1,"2026-02-23 16:39:56"
3952,new,56546,/products/56546.jpg,1,1,"2026-02-23 16:39:56"
3953,new,56568,/products/56568.jpg,1,1,"2026-02-23 16:39:56"
3954,new,56582,/products/56582.jpg,1,1,"2026-02-23 16:39:56"
3955,new,56593,/products/56593.jpg,1,1,"2026-02-23 16:39:56"
3956,new,56600,/products/56600.jpg,1,1,"2026-02-23 16:39:56"
3957,new,56611,/products/56611.jpg,1,1,"2026-02-23 16:39:56"
3958,new,56624,/products/56624.jpg,1,1,"2026-02-23 16:39:56"
3959,new,56631,/products/56631.jpg,1,1,"2026-02-23 16:39:56"
3960,new,56674,/products/56674.jpg,1,1,"2026-02-23 16:39:56"
3961,new,56810,/products/56810.jpg,1,1,"2026-02-23 16:39:56"
3962,new,56961,/products/56961.jpg,1,1,"2026-02-23 16:39:56"
3963,new,56982,/products/56982.jpg,1,1,"2026-02-23 16:39:56"
3964,new,57014,/products/57014.jpg,1,1,"2026-02-23 16:39:56"
3965,new,57096,/products/57096.jpg,1,1,"2026-02-23 16:39:56"
3966,new,57099,/products/57099.jpg,1,1,"2026-02-23 16:39:56"
3967,new,57205,/products/57205.jpg,1,1,"2026-02-23 16:39:56"
3968,new,57210,/products/57210.jpg,1,1,"2026-02-23 16:39:56"
3969,new,57418,/products/57418.jpg,1,1,"2026-02-23 16:39:56"
3970,new,57419,/products/57419.jpg,1,1,"2026-02-23 16:39:56"
3971,new,57457,/products/57457.jpg,1,1,"2026-02-23 16:39:56"
3972,new,57594,/products/57594.jpg,1,1,"2026-02-23 16:39:56"
3973,new,57606,/products/57606.jpg,1,1,"2026-02-23 16:39:56"
3974,new,57607,/products/57607.jpg,1,1,"2026-02-23 16:39:56"
3975,new,57608,/products/57608.jpg,1,1,"2026-02-23 16:39:56"
3976,new,57619,/products/57619.jpg,1,1,"2026-02-23 16:39:56"
3977,new,57625,/products/57625.jpg,1,1,"2026-02-23 16:39:56"
3978,new,57628,/products/57628.jpg,1,1,"2026-02-23 16:39:56"
3979,new,57674,/products/57674.jpg,1,1,"2026-02-23 16:39:56"
3980,new,57678,/products/57678.jpg,1,1,"2026-02-23 16:39:56"
3981,new,57679,/products/57679.jpg,1,1,"2026-02-23 16:39:56"
3982,new,57681,/products/57681.jpg,1,1,"2026-02-23 16:39:56"
3983,new,57683,/products/57683.jpg,1,1,"2026-02-23 16:39:56"
3984,new,57685,/products/57685.jpg,1,1,"2026-02-23 16:39:56"
3985,new,57687,/products/57687.jpg,1,1,"2026-02-23 16:39:56"
3986,new,57699,/products/57699.jpg,1,1,"2026-02-23 16:39:56"
3987,new,57701,/products/57701.jpg,1,1,"2026-02-23 16:39:56"
3988,new,57708,/products/57708.jpg,1,1,"2026-02-23 16:39:56"
3989,new,57729,/products/57729.jpg,1,1,"2026-02-23 16:39:56"
3990,new,57731,/products/57731.jpg,1,1,"2026-02-23 16:39:56"
3991,new,57734,/products/57734.jpg,1,1,"2026-02-23 16:39:56"
3992,new,57735,/products/57735.jpg,1,1,"2026-02-23 16:39:56"
3993,new,57749,/products/57749.jpg,1,1,"2026-02-23 16:39:56"
3994,new,57756,/products/57756.jpg,1,1,"2026-02-23 16:39:56"
3995,new,57762,/products/57762.jpg,1,1,"2026-02-23 16:39:56"
3996,new,57763,/products/57763.jpg,1,1,"2026-02-23 16:39:56"
3997,new,57766,/products/57766.jpg,1,1,"2026-02-23 16:39:56"
3998,new,57767,/products/57767.jpg,1,1,"2026-02-23 16:39:56"
3999,new,57768,/products/57768.jpg,1,1,"2026-02-23 16:39:56"
4000,new,57771,/products/57771.jpg,1,1,"2026-02-23 16:39:56"
4001,new,57773,/products/57773.jpg,1,1,"2026-02-23 16:39:56"
4002,new,57777,/products/57777.jpg,1,1,"2026-02-23 16:39:56"
4003,new,57783,/products/57783.jpg,1,1,"2026-02-23 16:39:56"
4004,new,57784,/products/57784.jpg,1,1,"2026-02-23 16:39:56"
4005,new,57800,/products/57800.jpg,1,1,"2026-02-23 16:39:56"
4006,new,57846,/products/57846.jpg,1,1,"2026-02-23 16:39:56"
4007,new,57859,/products/57859.jpg,1,1,"2026-02-23 16:39:56"
4008,new,57860,/products/57860.jpg,1,1,"2026-02-23 16:39:56"
4009,new,57861,/products/57861.jpg,1,1,"2026-02-23 16:39:56"
4010,new,57863,/products/57863.jpg,1,1,"2026-02-23 16:39:56"
4011,new,57864,/products/57864.jpg,1,1,"2026-02-23 16:39:56"
4012,new,57865,/products/57865.jpg,1,1,"2026-02-23 16:39:56"
4013,new,57874,/products/57874.jpg,1,1,"2026-02-23 16:39:56"
4014,new,57875,/products/57875.jpg,1,1,"2026-02-23 16:39:56"
4015,new,57876,/products/57876.jpg,1,1,"2026-02-23 16:39:56"
4016,new,57878,/products/57878.jpg,1,1,"2026-02-23 16:39:56"
4017,new,57879,/products/57879.jpg,1,1,"2026-02-23 16:39:56"
4018,new,57880,/products/57880.jpg,1,1,"2026-02-23 16:39:56"
4019,new,57884,/products/57884.jpg,1,1,"2026-02-23 16:39:56"
4020,new,57886,/products/57886.jpg,1,1,"2026-02-23 16:39:56"
4021,new,57888,/products/57888.jpg,1,1,"2026-02-23 16:39:56"
4022,new,57889,/products/57889.jpg,1,1,"2026-02-23 16:39:56"
4023,new,57890,/products/57890.jpg,1,1,"2026-02-23 16:39:56"
4024,new,57892,/products/57892.jpg,1,1,"2026-02-23 16:39:56"
4025,new,58007,/products/58007.jpg,1,1,"2026-02-23 16:39:56"
4026,new,58030,/products/58030.jpg,1,1,"2026-02-23 16:39:56"
4027,new,58158,/products/58158.jpg,1,1,"2026-02-23 16:39:56"
4028,new,58172,/products/58172.jpg,1,1,"2026-02-23 16:39:56"
4029,new,58212,/products/58212.jpg,1,1,"2026-02-23 16:39:56"
4030,new,58220,/products/58220.jpg,1,1,"2026-02-23 16:39:56"
4031,new,58332,/products/58332.jpg,1,1,"2026-02-23 16:39:56"
4032,new,58372,/products/58372.jpg,1,1,"2026-02-23 16:39:56"
4033,new,58507,/products/58507.jpg,1,1,"2026-02-23 16:39:56"
4034,new,58522,/products/58522.jpg,1,1,"2026-02-23 16:39:56"
4035,new,58523,/products/58523.jpg,1,1,"2026-02-23 16:39:56"
4036,new,58548,/products/58548.jpg,1,1,"2026-02-23 16:39:56"
4037,new,58600,/products/58600.jpg,1,1,"2026-02-23 16:39:56"
4038,new,58658,/products/58658.jpg,1,1,"2026-02-23 16:39:56"
4039,new,58854,/products/58854.jpg,1,1,"2026-02-23 16:39:56"
4040,new,58858,/products/58858.jpg,1,1,"2026-02-23 16:39:56"
4041,new,58905,/products/58905.jpg,1,1,"2026-02-23 16:39:56"
4042,new,58906,/products/58906.jpg,1,1,"2026-02-23 16:39:56"
4043,new,59102,/products/59102.jpg,1,1,"2026-02-23 16:39:56"
4044,new,59130,/products/59130.jpg,1,1,"2026-02-23 16:39:56"
4045,new,59501,/products/59501.jpg,1,1,"2026-02-23 16:39:56"
4046,new,59505,/products/59505.jpg,1,1,"2026-02-23 16:39:56"
4047,new,59561,/products/59561.jpg,1,1,"2026-02-23 16:39:56"
4048,new,59567,/products/59567.jpg,1,1,"2026-02-23 16:39:56"
4049,new,59578,/products/59578.jpg,1,1,"2026-02-23 16:39:56"
4050,new,59584,/products/59584.jpg,1,1,"2026-02-23 16:39:56"
4051,new,59652,/products/59652.jpg,1,1,"2026-02-23 16:39:56"
4052,new,59672,/products/59672.jpg,1,1,"2026-02-23 16:39:56"
4053,new,59673,/products/59673.jpg,1,1,"2026-02-23 16:39:56"
4054,new,59702,/products/59702.jpg,1,1,"2026-02-23 16:39:56"
4055,new,59716,/products/59716.jpg,1,1,"2026-02-23 16:39:56"
4056,new,59729,/products/59729.jpg,1,1,"2026-02-23 16:39:56"
4057,new,59730,/products/59730.jpg,1,1,"2026-02-23 16:39:56"
4058,new,59731,/products/59731.jpg,1,1,"2026-02-23 16:39:56"
4059,new,59732,/products/59732.jpg,1,1,"2026-02-23 16:39:56"
4060,new,59756,/products/59756.jpg,1,1,"2026-02-23 16:39:56"
4061,new,59769,/products/59769.jpg,1,1,"2026-02-23 16:39:56"
4062,new,59772,/products/59772.jpg,1,1,"2026-02-23 16:39:56"
4063,new,59781,/products/59781.jpg,1,1,"2026-02-23 16:39:56"
4064,new,59851,/products/59851.jpg,1,1,"2026-02-23 16:39:56"
4065,new,59858,/products/59858.jpg,1,1,"2026-02-23 16:39:56"
4066,new,59863,/products/59863.jpg,1,1,"2026-02-23 16:39:56"
4067,new,59873,/products/59873.jpg,1,1,"2026-02-23 16:39:56"
4068,new,59905,/products/59905.jpg,1,1,"2026-02-23 16:39:56"
4069,new,59972,/products/59972.jpg,1,1,"2026-02-23 16:39:56"
